000,2008-10-23,116.318417,39.984702,
000,2008-10-23,116.31845,39.984683,
000,2008-10-23,116.318417,39.984686,
000,2008-10-23,116.318385,39.984688,
000,2008-10-23,116.318263,39.984655,
000,2008-10-23,116.318026,39.984611,
000,2008-10-23,116.317761,39.984608,
000,2008-10-23,116.317517,39.984563,
000,2008-10-23,116.317294,39.984539,
000,2008-10-23,116.317065,39.984606,
000,2008-10-23,116.316911,39.984568,
000,2008-10-23,116.316716,39.984586,
000,2008-10-23,116.316527,39.984561,
000,2008-10-23,116.316354,39.984536,
000,2008-10-23,116.316188,39.984523,
000,2008-10-23,116.315963,39.984516,
000,2008-10-23,116.315823,39.984523,
000,2008-10-23,116.315611,39.984574,
000,2008-10-23,116.315407,39.984568,
000,2008-10-23,116.315148,39.984538,
000,2008-10-23,116.314907,39.984501,
000,2008-10-23,116.314808,39.984532,
000,2008-10-23,116.314625,39.984504,
000,2008-10-23,116.314426,39.984485,
000,2008-10-23,116.31424,39.984427,
000,2008-10-23,116.314042,39.984485,
000,2008-10-23,116.313818,39.98448,
000,2008-10-23,116.313659,39.984501,
000,2008-10-23,116.314323,39.984618,
000,2008-10-23,116.314107,39.984649,
000,2008-10-23,116.313941,39.984621,
000,2008-10-23,116.313724,39.984655,
000,2008-10-23,116.313521,39.984681,
000,2008-10-23,116.313311,39.984708,
000,2008-10-23,116.313099,39.984708,
000,2008-10-23,116.312921,39.984696,
000,2008-10-23,116.312746,39.984677,
000,2008-10-23,116.312525,39.984682,
000,2008-10-23,116.312332,39.984649,
000,2008-10-23,116.312123,39.984641,
000,2008-10-23,116.311917,39.984647,
000,2008-10-23,116.31172,39.984654,
000,2008-10-23,116.311569,39.984631,
000,2008-10-23,116.31138,39.984647,
000,2008-10-23,116.311189,39.984653,
000,2008-10-23,116.311026,39.984628,
000,2008-10-23,116.310854,39.984652,
000,2008-10-23,116.31066,39.984656,
000,2008-10-23,116.310534,39.984616,
000,2008-10-23,116.31033,39.984676,
000,2008-10-23,116.310063,39.984698,
000,2008-10-23,116.309937,39.984696,
000,2008-10-23,116.309851,39.984663,
000,2008-10-23,116.309749,39.984598,
000,2008-10-23,116.309656,39.98454,
000,2008-10-23,116.309503,39.984525,
000,2008-10-23,116.309348,39.984498,
000,2008-10-23,116.309173,39.984481,
000,2008-10-23,116.308993,39.984489,
000,2008-10-23,116.308827,39.98447,
000,2008-10-23,116.308638,39.98449,
000,2008-10-23,116.308485,39.98449,
000,2008-10-23,116.308351,39.984494,
000,2008-10-23,116.308201,39.984499,
000,2008-10-23,116.308049,39.984484,
000,2008-10-23,116.307902,39.984491,
000,2008-10-23,116.307809,39.984499,
000,2008-10-23,116.307687,39.984472,
000,2008-10-23,116.307548,39.984493,
000,2008-10-23,116.307434,39.984488,
000,2008-10-23,116.307292,39.984427,
000,2008-10-23,116.307126,39.984428,
000,2008-10-23,116.306943,39.984432,
000,2008-10-23,116.306801,39.984425,
000,2008-10-23,116.306633,39.984438,
000,2008-10-23,116.306486,39.984462,
000,2008-10-23,116.3063,39.984466,
000,2008-10-23,116.306047,39.984456,
000,2008-10-23,116.305854,39.984454,
000,2008-10-23,116.305682,39.984412,
000,2008-10-23,116.305466,39.98441,
000,2008-10-23,116.305281,39.984406,
000,2008-10-23,116.305023,39.984393,
000,2008-10-23,116.304909,39.984356,
000,2008-10-23,116.304704,39.984352,
000,2008-10-23,116.304543,39.984338,
000,2008-10-23,116.304315,39.984338,
000,2008-10-23,116.304083,39.984349,
000,2008-10-23,116.303934,39.984368,
000,2008-10-23,116.303813,39.984437,
000,2008-10-23,116.303672,39.984429,
000,2008-10-23,116.303444,39.984342,
000,2008-10-23,116.303298,39.984365,
000,2008-10-23,116.303132,39.984368,
000,2008-10-23,116.30292,39.984385,
000,2008-10-23,116.302754,39.98438,
000,2008-10-23,116.302601,39.984346,
000,2008-10-23,116.302457,39.984303,
000,2008-10-23,116.302271,39.984344,
000,2008-10-23,116.302094,39.984341,
000,2008-10-23,116.301888,39.984359,
000,2008-10-23,116.301693,39.984379,
000,2008-10-23,116.3015,39.984345,
000,2008-10-23,116.301309,39.984345,
000,2008-10-23,116.301107,39.984338,
000,2008-10-23,116.300877,39.984344,
000,2008-10-23,116.300674,39.984278,
000,2008-10-23,116.300462,39.984276,
000,2008-10-23,116.300307,39.984278,
000,2008-10-23,116.300156,39.984252,
000,2008-10-23,116.299943,39.984288,
000,2008-10-23,116.29981,39.984283,
000,2008-10-23,116.299744,39.984335,
000,2008-10-23,116.299703,39.984312,
000,2008-10-23,116.299699,39.984177,
000,2008-10-23,116.299697,39.98414,
000,2008-10-23,116.299721,39.984204,
000,2008-10-23,116.299736,39.984258,
000,2008-10-23,116.299573,39.984031,
000,2008-10-23,116.299578,39.98379,
000,2008-10-23,116.299566,39.983726,
000,2008-10-23,116.299496,39.983692,
000,2008-10-23,116.299476,39.983685,
000,2008-10-23,116.299425,39.983639,
000,2008-10-23,116.299353,39.983629,
000,2008-10-23,116.299279,39.983641,
000,2008-10-23,116.299235,39.983557,
000,2008-10-23,116.299238,39.983509,
000,2008-10-23,116.299267,39.983413,
000,2008-10-23,116.299305,39.983353,
000,2008-10-23,116.299321,39.983337,
000,2008-10-23,116.299314,39.9833,
000,2008-10-23,116.299314,39.9833,
000,2008-10-23,116.299307,39.983304,
000,2008-10-23,116.299311,39.983279,
000,2008-10-23,116.299302,39.983302,
000,2008-10-23,116.299265,39.983276,
000,2008-10-23,116.299191,39.983322,
000,2008-10-23,116.299147,39.983403,
000,2008-10-23,116.299083,39.983548,
000,2008-10-23,116.299031,39.983675,
000,2008-10-23,116.298932,39.983663,
000,2008-10-23,116.298903,39.983533,
000,2008-10-23,116.298869,39.98359,
000,2008-10-23,116.298825,39.983723,
000,2008-10-23,116.298773,39.983902,
000,2008-10-23,116.298725,39.984045,
000,2008-10-23,116.298663,39.984019,
000,2008-10-23,116.286798,39.995777,
000,2008-10-23,116.285446,39.996832,
000,2008-10-23,116.299292,39.984397,
000,2008-10-23,116.299329,39.984426,
000,2008-10-23,116.299413,39.984499,
000,2008-10-23,116.299467,39.984424,
000,2008-10-23,116.299477,39.98441,
000,2008-10-23,116.299569,39.984421,
000,2008-10-23,116.29953,39.984518,
000,2008-10-23,116.299645,39.984488,
000,2008-10-23,116.299523,39.98454,
000,2008-10-23,116.299528,39.98446,
000,2008-10-23,116.299508,39.984463,
000,2008-10-23,116.299473,39.984501,
000,2008-10-23,116.299451,39.984532,
000,2008-10-23,116.299451,39.984532,
000,2008-10-23,116.299451,39.984527,
000,2008-10-23,116.299447,39.984517,
000,2008-10-23,116.299438,39.984509,
000,2008-10-23,116.299411,39.984497,
000,2008-10-23,116.299405,39.984499,
000,2008-10-23,116.299407,39.984498,
000,2008-10-23,116.299407,39.984498,
000,2008-10-23,116.299412,39.984493,
000,2008-10-23,116.299466,39.984498,
000,2008-10-23,116.29941,39.984546,
000,2008-10-23,116.299318,39.984638,
000,2008-10-23,116.299315,39.98473,
000,2008-10-23,116.299305,39.984753,
000,2008-10-23,116.299297,39.984789,
000,2008-10-23,116.299391,39.984795,
000,2008-10-23,116.299504,39.984778,
000,2008-10-23,116.299617,39.984743,
000,2008-10-23,116.299625,39.984671,
000,2008-10-23,116.299536,39.984694,
000,2008-10-23,116.29952,39.984733,
000,2008-10-23,116.299902,39.983841,
000,2008-10-23,116.300177,39.983861,
000,2008-10-23,116.300329,39.983842,
000,2008-10-23,116.300308,39.983984,
000,2008-10-23,116.300188,39.984126,
000,2008-10-23,116.300058,39.984246,
000,2008-10-23,116.300019,39.984373,
000,2008-10-23,116.300043,39.984533,
000,2008-10-23,116.300058,39.984723,
000,2008-10-23,116.300151,39.984789,
000,2008-10-23,116.300216,39.984837,
000,2008-10-23,116.300332,39.984859,
000,2008-10-23,116.300514,39.984888,
000,2008-10-23,116.300689,39.984896,
000,2008-10-23,116.300885,39.984905,
000,2008-10-23,116.301049,39.984911,
000,2008-10-23,116.301221,39.984925,
000,2008-10-23,116.301391,39.98493,
000,2008-10-23,116.301568,39.984938,
000,2008-10-23,116.301741,39.984948,
000,2008-10-23,116.301915,39.984945,
000,2008-10-23,116.302055,39.984953,
000,2008-10-23,116.302264,39.984953,
000,2008-10-23,116.302488,39.98496,
000,2008-10-23,116.302679,39.984973,
000,2008-10-23,116.30286,39.984983,
000,2008-10-23,116.303037,39.985009,
000,2008-10-23,116.303258,39.985043,
000,2008-10-23,116.303496,39.98503,
000,2008-10-23,116.303685,39.985039,
000,2008-10-23,116.303884,39.985028,
000,2008-10-23,116.304067,39.984993,
000,2008-10-23,116.304163,39.985027,
000,2008-10-23,116.30426,39.985038,
000,2008-10-23,116.304459,39.985042,
000,2008-10-23,116.304647,39.985029,
000,2008-10-23,116.304811,39.985023,
000,2008-10-23,116.304927,39.985031,
000,2008-10-23,116.305192,39.985082,
000,2008-10-23,116.305348,39.985105,
000,2008-10-23,116.305499,39.985132,
000,2008-10-23,116.305649,39.985169,
000,2008-10-23,116.305834,39.985135,
000,2008-10-23,116.305984,39.985146,
000,2008-10-23,116.306178,39.985131,
000,2008-10-23,116.306363,39.985127,
000,2008-10-23,116.306531,39.985135,
000,2008-10-23,116.306711,39.985157,
000,2008-10-23,116.306893,39.98517,
000,2008-10-23,116.307092,39.985154,
000,2008-10-23,116.307341,39.985184,
000,2008-10-23,116.30751,39.98521,
000,2008-10-23,116.307633,39.985231,
000,2008-10-23,116.307735,39.98526,
000,2008-10-23,116.307933,39.98524,
000,2008-10-23,116.308133,39.985225,
000,2008-10-23,116.308313,39.985256,
000,2008-10-23,116.308579,39.985218,
000,2008-10-23,116.308774,39.985201,
000,2008-10-23,116.30898,39.985203,
000,2008-10-23,116.309152,39.985221,
000,2008-10-23,116.30931,39.985194,
000,2008-10-23,116.309494,39.985161,
000,2008-10-23,116.309701,39.98519,
000,2008-10-23,116.309888,39.985202,
000,2008-10-23,116.30998,39.985282,
000,2008-10-23,116.30998,39.985443,
000,2008-10-23,116.309969,39.985579,
000,2008-10-23,116.309961,39.985721,
000,2008-10-23,116.309941,39.98584,
000,2008-10-23,116.309978,39.98595,
000,2008-10-23,116.310034,39.986051,
000,2008-10-23,116.310025,39.986174,
000,2008-10-23,116.309956,39.986305,
000,2008-10-23,116.309885,39.986461,
000,2008-10-23,116.309862,39.986611,
000,2008-10-23,116.309893,39.986697,
000,2008-10-23,116.309956,39.986793,
000,2008-10-23,116.309974,39.986929,
000,2008-10-23,116.309987,39.987073,
000,2008-10-23,116.310004,39.987211,
000,2008-10-23,116.31007,39.987325,
000,2008-10-23,116.310084,39.987458,
000,2008-10-23,116.310088,39.987591,
000,2008-10-23,116.310049,39.987747,
000,2008-10-23,116.310027,39.987884,
000,2008-10-23,116.310059,39.988008,
000,2008-10-23,116.310052,39.988111,
000,2008-10-23,116.309902,39.988293,
000,2008-10-23,116.309931,39.988397,
000,2008-10-23,116.309866,39.988553,
000,2008-10-23,116.309824,39.988679,
000,2008-10-23,116.309784,39.988772,
000,2008-10-23,116.309793,39.988901,
000,2008-10-23,116.309833,39.989029,
000,2008-10-23,116.309866,39.989173,
000,2008-10-23,116.309905,39.989287,
000,2008-10-23,116.309949,39.989392,
000,2008-10-23,116.310031,39.989519,
000,2008-10-23,116.310049,39.989628,
000,2008-10-23,116.310024,39.989762,
000,2008-10-23,116.310098,39.989838,
000,2008-10-23,116.310115,39.989981,
000,2008-10-23,116.310169,39.990089,
000,2008-10-23,116.310215,39.990219,
000,2008-10-23,116.310258,39.990325,
000,2008-10-23,116.310277,39.990406,
000,2008-10-23,116.31019,39.99056,
000,2008-10-23,116.310134,39.99065,
000,2008-10-23,116.310114,39.990693,
000,2008-10-23,116.310111,39.990696,
000,2008-10-23,116.310105,39.990698,
000,2008-10-23,116.310103,39.990698,
000,2008-10-23,116.310101,39.990696,
000,2008-10-23,116.310095,39.990695,
000,2008-10-23,116.310092,39.990692,
000,2008-10-23,116.31009,39.99069,
000,2008-10-23,116.310088,39.990689,
000,2008-10-23,116.310087,39.990689,
000,2008-10-23,116.310087,39.990689,
000,2008-10-23,116.31009,39.990696,
000,2008-10-23,116.310066,39.990743,
000,2008-10-23,116.310109,39.990793,
000,2008-10-23,116.310205,39.990837,
000,2008-10-23,116.310318,39.990873,
000,2008-10-23,116.310479,39.990887,
000,2008-10-23,116.310657,39.990874,
000,2008-10-23,116.310827,39.990906,
000,2008-10-23,116.310971,39.990921,
000,2008-10-23,116.311149,39.990933,
000,2008-10-23,116.311312,39.990969,
000,2008-10-23,116.311507,39.990994,
000,2008-10-23,116.311693,39.991014,
000,2008-10-23,116.311915,39.99101,
000,2008-10-23,116.312107,39.991033,
000,2008-10-23,116.312282,39.991055,
000,2008-10-23,116.312473,39.991058,
000,2008-10-23,116.312666,39.991032,
000,2008-10-23,116.312853,39.991024,
000,2008-10-23,116.313047,39.991022,
000,2008-10-23,116.313244,39.991018,
000,2008-10-23,116.313469,39.991016,
000,2008-10-23,116.313681,39.991035,
000,2008-10-23,116.31384,39.991063,
000,2008-10-23,116.31403,39.991072,
000,2008-10-23,116.314209,39.991068,
000,2008-10-23,116.314385,39.991095,
000,2008-10-23,116.314596,39.991113,
000,2008-10-23,116.314797,39.991128,
000,2008-10-23,116.315003,39.991127,
000,2008-10-23,116.315193,39.991148,
000,2008-10-23,116.315342,39.991176,
000,2008-10-23,116.315529,39.991215,
000,2008-10-23,116.315643,39.991209,
000,2008-10-23,116.31579,39.991191,
000,2008-10-23,116.315958,39.991188,
000,2008-10-23,116.316172,39.991189,
000,2008-10-23,116.316381,39.991186,
000,2008-10-23,116.316575,39.991194,
000,2008-10-23,116.316756,39.991208,
000,2008-10-23,116.316999,39.99122,
000,2008-10-23,116.317235,39.991197,
000,2008-10-23,116.317452,39.991183,
000,2008-10-23,116.317661,39.991164,
000,2008-10-23,116.317874,39.991187,
000,2008-10-23,116.318083,39.991179,
000,2008-10-23,116.318231,39.991132,
000,2008-10-23,116.31848,39.991169,
000,2008-10-23,116.318691,39.991183,
000,2008-10-23,116.318904,39.991204,
000,2008-10-23,116.319098,39.991201,
000,2008-10-23,116.319315,39.991194,
000,2008-10-23,116.31949,39.991187,
000,2008-10-23,116.319683,39.991206,
000,2008-10-23,116.319866,39.991239,
000,2008-10-23,116.320062,39.991258,
000,2008-10-23,116.320255,39.991282,
000,2008-10-23,116.320445,39.991288,
000,2008-10-23,116.320622,39.991308,
000,2008-10-23,116.320803,39.991325,
000,2008-10-23,116.321002,39.991352,
000,2008-10-23,116.321179,39.991382,
000,2008-10-23,116.321384,39.991388,
000,2008-10-23,116.321583,39.991389,
000,2008-10-23,116.321736,39.991368,
000,2008-10-23,116.321874,39.99141,
000,2008-10-23,116.322004,39.991412,
000,2008-10-23,116.322176,39.991406,
000,2008-10-23,116.322296,39.991403,
000,2008-10-23,116.322436,39.991401,
000,2008-10-23,116.322668,39.991477,
000,2008-10-23,116.322784,39.991591,
000,2008-10-23,116.322778,39.991716,
000,2008-10-23,116.322774,39.991863,
000,2008-10-23,116.322784,39.992007,
000,2008-10-23,116.322812,39.992201,
000,2008-10-23,116.3228,39.992365,
000,2008-10-23,116.322797,39.992456,
000,2008-10-23,116.32281,39.9926,
000,2008-10-23,116.322891,39.992777,
000,2008-10-23,116.322891,39.992883,
000,2008-10-23,116.322713,39.993001,
000,2008-10-23,116.322617,39.993077,
000,2008-10-23,116.322651,39.993222,
000,2008-10-23,116.32276,39.993429,
000,2008-10-23,116.322744,39.993535,
000,2008-10-23,116.322658,39.99364,
000,2008-10-23,116.322579,39.993796,
000,2008-10-23,116.322804,39.994055,
000,2008-10-23,116.322829,39.994175,
000,2008-10-23,116.322786,39.994276,
000,2008-10-23,116.322763,39.994471,
000,2008-10-23,116.322723,39.994648,
000,2008-10-23,116.322641,39.99481,
000,2008-10-23,116.322625,39.994946,
000,2008-10-23,116.32262,39.995093,
000,2008-10-23,116.322606,39.995235,
000,2008-10-23,116.322607,39.995392,
000,2008-10-23,116.322533,39.995567,
000,2008-10-23,116.32252,39.995718,
000,2008-10-23,116.322517,39.995852,
000,2008-10-23,116.322556,39.995993,
000,2008-10-23,116.322544,39.99611,
000,2008-10-23,116.322552,39.996234,
000,2008-10-23,116.322481,39.996392,
000,2008-10-23,116.322464,39.996534,
000,2008-10-23,116.322425,39.996632,
000,2008-10-23,116.322412,39.996645,
000,2008-10-23,116.322348,39.996725,
000,2008-10-23,116.322337,39.996881,
000,2008-10-23,116.322428,39.997081,
000,2008-10-23,116.322428,39.997277,
000,2008-10-23,116.322314,39.997592,
000,2008-10-23,116.322301,39.99775,
000,2008-10-23,116.322317,39.997865,
000,2008-10-23,116.32231,39.997988,
000,2008-10-23,116.322261,39.998151,
000,2008-10-23,116.322268,39.998307,
000,2008-10-23,116.322236,39.998452,
000,2008-10-23,116.322225,39.998603,
000,2008-10-23,116.322225,39.998753,
000,2008-10-23,116.322254,39.998895,
000,2008-10-23,116.322196,39.999078,
000,2008-10-23,116.322176,39.999218,
000,2008-10-23,116.322161,39.999364,
000,2008-10-23,116.322148,39.999484,
000,2008-10-23,116.322178,39.999607,
000,2008-10-23,116.322324,39.999602,
000,2008-10-23,116.322434,39.999603,
000,2008-10-23,116.322587,39.999586,
000,2008-10-23,116.32276,39.999573,
000,2008-10-23,116.322932,39.999572,
000,2008-10-23,116.323134,39.999565,
000,2008-10-23,116.32328,39.999569,
000,2008-10-23,116.323448,39.999575,
000,2008-10-23,116.323605,39.999568,
000,2008-10-23,116.323605,39.999558,
000,2008-10-23,116.323732,39.999581,
000,2008-10-23,116.324069,39.999653,
000,2008-10-23,116.324258,39.999678,
000,2008-10-23,116.324405,39.999646,
000,2008-10-23,116.324452,39.999676,
000,2008-10-23,116.324453,39.999678,
000,2008-10-23,116.324455,39.999682,
000,2008-10-23,116.324455,39.999682,
000,2008-10-23,116.324456,39.999676,
000,2008-10-23,116.32451,39.999641,
000,2008-10-23,116.324481,39.999662,
000,2008-10-23,116.324477,39.999651,
000,2008-10-23,116.324493,39.999664,
000,2008-10-23,116.324511,39.999684,
000,2008-10-23,116.324511,39.999684,
000,2008-10-23,116.324511,39.999678,
000,2008-10-23,116.324512,39.999667,
000,2008-10-23,116.324513,39.999655,
000,2008-10-23,116.324496,39.999703,
000,2008-10-23,116.324498,39.99956,
000,2008-10-23,116.324545,39.999506,
000,2008-10-23,116.324531,39.999516,
000,2008-10-23,116.324478,39.999567,
000,2008-10-23,116.3246,39.999573,
000,2008-10-23,116.324639,39.999538,
000,2008-10-23,116.324684,39.999598,
000,2008-10-23,116.324722,39.999666,
000,2008-10-23,116.324801,39.999729,
000,2008-10-23,116.324886,39.999769,
000,2008-10-23,116.320158,40.004775,
000,2008-10-23,116.320388,40.004783,
000,2008-10-23,116.320545,40.004799,
000,2008-10-23,116.320683,40.004835,
000,2008-10-23,116.320835,40.004851,
000,2008-10-23,116.32101,40.004868,
000,2008-10-23,116.321153,40.004849,
000,2008-10-23,116.321277,40.004879,
000,2008-10-23,116.321318,40.004962,
000,2008-10-23,116.32128,40.005088,
000,2008-10-23,116.32126,40.00525,
000,2008-10-23,116.321389,40.005455,
000,2008-10-23,116.321455,40.005621,
000,2008-10-23,116.321491,40.005738,
000,2008-10-23,116.321518,40.005883,
000,2008-10-23,116.321521,40.006051,
000,2008-10-23,116.321463,40.006178,
000,2008-10-23,116.321461,40.00633,
000,2008-10-23,116.321474,40.006482,
000,2008-10-23,116.321459,40.006631,
000,2008-10-23,116.321447,40.006813,
000,2008-10-23,116.321454,40.006974,
000,2008-10-23,116.321396,40.007122,
000,2008-10-23,116.321356,40.007235,
000,2008-10-23,116.321395,40.00741,
000,2008-10-23,116.321412,40.007571,
000,2008-10-23,116.321414,40.007715,
000,2008-10-23,116.321426,40.007862,
000,2008-10-23,116.321437,40.008034,
000,2008-10-23,116.321441,40.00817,
000,2008-10-23,116.321425,40.008337,
000,2008-10-23,116.321421,40.008515,
000,2008-10-23,116.321446,40.008668,
000,2008-10-23,116.321443,40.008782,
000,2008-10-23,116.321385,40.008843,
000,2008-10-23,116.321402,40.008884,
000,2008-10-23,116.321449,40.00895,
000,2008-10-23,116.321502,40.009006,
000,2008-10-23,116.321564,40.009026,
000,2008-10-23,116.321623,40.009011,
000,2008-10-23,116.321625,40.009021,
000,2008-10-23,116.321625,40.009021,
000,2008-10-23,116.321631,40.00902,
000,2008-10-23,116.321659,40.009013,
000,2008-10-23,116.321484,40.008921,
000,2008-10-23,116.322217,40.008582,
000,2008-10-23,116.32244,40.008481,
000,2008-10-23,116.322406,40.008496,
000,2008-10-23,116.321628,40.00888,
000,2008-10-23,116.321587,40.00898,
000,2008-10-23,116.321544,40.00898,
000,2008-10-23,116.321525,40.008984,
000,2008-10-23,116.321525,40.008984,
000,2008-10-23,116.321517,40.008982,
000,2008-10-23,116.321457,40.008958,
000,2008-10-23,116.321436,40.008971,
000,2008-10-23,116.321434,40.009022,
000,2008-10-23,116.321374,40.009025,
000,2008-10-23,116.321397,40.00903,
000,2008-10-23,116.321462,40.009062,
000,2008-10-23,116.321486,40.009081,
000,2008-10-23,116.321479,40.00908,
000,2008-10-23,116.321479,40.00908,
000,2008-10-23,116.321481,40.009081,
000,2008-10-23,116.321491,40.009083,
000,2008-10-23,116.32152,40.009094,
000,2008-10-23,116.321585,40.009072,
000,2008-10-23,116.321467,40.009083,
000,2008-10-23,116.321442,40.00908,
000,2008-10-23,116.321453,40.009087,
000,2008-10-23,116.321479,40.009065,
000,2008-10-23,116.321517,40.009071,
000,2008-10-23,116.32156,40.009075,
000,2008-10-23,116.321616,40.009105,
000,2008-10-23,116.32156,40.00908,
000,2008-10-23,116.321491,40.009031,
000,2008-10-23,116.321407,40.008995,
000,2008-10-23,116.321407,40.008995,
000,2008-10-23,116.321412,40.008999,
000,2008-10-23,116.321399,40.008997,
000,2008-10-23,116.321389,40.008994,
000,2008-10-23,116.321389,40.008994,
000,2008-10-23,116.321392,40.008995,
000,2008-10-23,116.321472,40.009235,
000,2008-10-23,116.321446,40.009268,
000,2008-10-23,116.321447,40.00927,
000,2008-10-23,116.321447,40.00927,
000,2008-10-23,116.321451,40.009272,
000,2008-10-23,116.321473,40.00928,
000,2008-10-23,116.32147,40.009278,
000,2008-10-23,116.321445,40.009242,
000,2008-10-23,116.32143,40.009187,
000,2008-10-23,116.321437,40.009098,
000,2008-10-23,116.321485,40.009045,
000,2008-10-23,116.321449,40.009008,
000,2008-10-23,116.321501,40.008993,
000,2008-10-23,116.321558,40.009017,
000,2008-10-23,116.321511,40.008999,
000,2008-10-23,116.321511,40.008999,
000,2008-10-23,116.321518,40.008997,
000,2008-10-23,116.321537,40.008999,
000,2008-10-23,116.321518,40.009026,
000,2008-10-23,116.321499,40.009009,
000,2008-10-23,116.321499,40.009009,
000,2008-10-23,116.321506,40.009011,
000,2008-10-23,116.321522,40.009013,
000,2008-10-23,116.321576,40.009012,
000,2008-10-23,116.321569,40.009034,
000,2008-10-23,116.321569,40.009034,
000,2008-10-23,116.321575,40.009038,
000,2008-10-23,116.321614,40.009024,
000,2008-10-23,116.321526,40.009015,
000,2008-10-23,116.321432,40.008997,
000,2008-10-23,116.321455,40.008995,
000,2008-10-23,116.321485,40.008997,
000,2008-10-23,116.32151,40.009032,
000,2008-10-23,116.32148,40.009074,
000,2008-10-23,116.32153,40.009101,
000,2008-10-23,116.321596,40.009157,
000,2008-10-23,116.321657,40.009219,
000,2008-10-23,116.321721,40.009247,
000,2008-10-23,116.321781,40.009273,
000,2008-10-23,116.321871,40.009313,
000,2008-10-23,116.321952,40.009344,
000,2008-10-23,116.322007,40.009356,
000,2008-10-23,116.322103,40.009386,
000,2008-10-23,116.322121,40.009356,
000,2008-10-23,116.322135,40.009353,
000,2008-10-23,116.322152,40.009319,
000,2008-10-23,116.322162,40.009394,
000,2008-10-23,116.322179,40.009399,
000,2008-10-23,116.32219,40.009344,
000,2008-10-23,116.322177,40.009342,
000,2008-10-23,116.32219,40.009318,
000,2008-10-23,116.322206,40.009287,
000,2008-10-23,116.32222,40.00927,
000,2008-10-23,116.321916,40.009351,
000,2008-10-23,116.321838,40.009336,
000,2008-10-23,116.321811,40.009331,
000,2008-10-23,116.321823,40.009314,
000,2008-10-23,116.321833,40.009314,
000,2008-10-23,116.32185,40.009316,
000,2008-10-23,116.320888,40.009428,
000,2008-10-23,116.321493,40.008854,
000,2008-10-23,116.321349,40.008848,
000,2008-10-23,116.32116,40.008874,
000,2008-10-23,116.321109,40.008852,
000,2008-10-23,116.321037,40.008786,
000,2008-10-23,116.321012,40.008767,
000,2008-10-23,116.320977,40.008735,
000,2008-10-23,116.320964,40.008694,
000,2008-10-23,116.320937,40.008665,
000,2008-10-23,116.320886,40.008635,
000,2008-10-23,116.32083,40.008612,
000,2008-10-23,116.3208,40.008591,
000,2008-10-23,116.320772,40.008574,
000,2008-10-23,116.320688,40.008521,
000,2008-10-23,116.320669,40.008471,
000,2008-10-23,116.320654,40.008419,
000,2008-10-23,116.320619,40.008362,
000,2008-10-23,116.320573,40.008348,
000,2008-10-23,116.320547,40.008309,
000,2008-10-23,116.320543,40.008281,
000,2008-10-23,116.320499,40.008234,
000,2008-10-23,116.320473,40.008163,
000,2008-10-23,116.320418,40.008129,
000,2008-10-23,116.320359,40.008121,
000,2008-10-23,116.320335,40.008069,
000,2008-10-23,116.320309,40.008027,
000,2008-10-23,116.320287,40.00801,
000,2008-10-23,116.320241,40.007959,
000,2008-10-23,116.320238,40.007947,
000,2008-10-23,116.320237,40.007879,
000,2008-10-23,116.320239,40.007826,
000,2008-10-23,116.320239,40.007818,
000,2008-10-23,116.320239,40.007818,
000,2008-10-23,116.32024,40.007819,
000,2008-10-23,116.32023,40.007817,
000,2008-10-23,116.320181,40.007834,
000,2008-10-23,116.320093,40.007761,
000,2008-10-23,116.319986,40.007661,
000,2008-10-23,116.319953,40.007623,
000,2008-10-23,116.319953,40.007623,
000,2008-10-23,116.31995,40.007621,
000,2008-10-23,116.31987,40.007575,
000,2008-10-23,116.319732,40.007551,
000,2008-10-23,116.31965,40.007526,
000,2008-10-23,116.319517,40.007468,
000,2008-10-23,116.319506,40.007465,
000,2008-10-23,116.319493,40.007462,
000,2008-10-23,116.319436,40.007459,
000,2008-10-23,116.319403,40.007453,
000,2008-10-23,116.319391,40.007454,
000,2008-10-23,116.319376,40.007474,
000,2008-10-23,116.319364,40.0075,
000,2008-10-23,116.319357,40.007524,
000,2008-10-23,116.319321,40.007524,
000,2008-10-23,116.319312,40.007517,
000,2008-10-23,116.319307,40.007551,
000,2008-10-23,116.319307,40.007551,
000,2008-10-23,116.319313,40.007555,
000,2008-10-23,116.31934,40.00759,
000,2008-10-23,116.319355,40.00761,
000,2008-10-23,116.319369,40.007615,
000,2008-10-23,116.319385,40.007621,
000,2008-10-23,116.319403,40.007644,
000,2008-10-23,116.319417,40.007663,
000,2008-10-23,116.319417,40.007663,
000,2008-10-23,116.319414,40.007669,
000,2008-10-23,116.319384,40.007661,
000,2008-10-23,116.319321,40.007654,
000,2008-10-23,116.319266,40.007654,
000,2008-10-23,116.319215,40.00767,
000,2008-10-23,116.319181,40.007694,
000,2008-10-23,116.319151,40.007699,
000,2008-10-23,116.319756,40.007272,
000,2008-10-23,116.319657,40.007331,
000,2008-10-23,116.319432,40.007428,
000,2008-10-23,116.319354,40.007395,
000,2008-10-23,116.319379,40.007447,
000,2008-10-23,116.319371,40.007479,
000,2008-10-23,116.319316,40.007516,
000,2008-10-23,116.319238,40.007575,
000,2008-10-23,116.319088,40.007288,
000,2008-10-23,116.319088,40.007288,
000,2008-10-23,116.319084,40.007284,
000,2008-10-23,116.319036,40.007298,
000,2008-10-23,116.31903,40.007365,
000,2008-10-23,116.319007,40.007416,
000,2008-10-23,116.318957,40.007482,
000,2008-10-23,116.318852,40.007548,
000,2008-10-23,116.318775,40.007627,
000,2008-10-23,116.318705,40.007718,
000,2008-10-23,116.318623,40.007808,
000,2008-10-23,116.318546,40.007877,
000,2008-10-23,116.318487,40.007945,
000,2008-10-23,116.318444,40.00803,
000,2008-10-23,116.318365,40.008125,
000,2008-10-23,116.318248,40.008215,
000,2008-10-23,116.318293,40.008168,
000,2008-10-23,116.318471,40.008015,
000,2008-10-23,116.318444,40.008049,
000,2008-10-23,116.31838,40.008064,
000,2008-10-23,116.318326,40.008118,
000,2008-10-23,116.318275,40.008197,
000,2008-10-23,116.318251,40.008289,
000,2008-10-23,116.318267,40.008305,
000,2008-10-23,116.318339,40.008276,
000,2008-10-23,116.318474,40.008184,
000,2008-10-23,116.318568,40.008071,
000,2008-10-23,116.318639,40.007954,
000,2008-10-23,116.318684,40.007884,
000,2008-10-23,116.318699,40.007867,
000,2008-10-23,116.318706,40.007835,
000,2008-10-23,116.318842,40.007717,
000,2008-10-23,116.318826,40.007726,
000,2008-10-23,116.318792,40.007721,
000,2008-10-23,116.318741,40.007753,
000,2008-10-23,116.318672,40.007803,
000,2008-10-23,116.318565,40.007852,
000,2008-10-23,116.318494,40.007925,
000,2008-10-23,116.318455,40.008019,
000,2008-10-23,116.319607,40.006977,
000,2008-10-23,116.319334,40.007203,
000,2008-10-23,116.319131,40.00735,
000,2008-10-23,116.318956,40.007504,
000,2008-10-23,116.318793,40.007611,
000,2008-10-23,116.31865,40.007773,
000,2008-10-23,116.31854,40.007966,
000,2008-10-23,116.31912,40.007399,
000,2008-10-23,116.319124,40.007411,
000,2008-10-23,116.31909,40.00744,
000,2008-10-23,116.319085,40.007496,
000,2008-10-23,116.31909,40.00754,
000,2008-10-23,116.319094,40.007619,
000,2008-10-23,116.319041,40.007648,
000,2008-10-23,116.318962,40.007681,
000,2008-10-23,116.318892,40.007724,
000,2008-10-23,116.318825,40.007766,
000,2008-10-23,116.318799,40.007809,
000,2008-10-23,116.318754,40.007849,
000,2008-10-23,116.31869,40.007905,
000,2008-10-23,116.318784,40.007878,
000,2008-10-23,116.318863,40.007616,
000,2008-10-23,116.318817,40.007692,
000,2008-10-23,116.318827,40.007794,
000,2008-10-23,116.318829,40.007898,
000,2008-10-23,116.318788,40.007981,
000,2008-10-23,116.318763,40.008009,
000,2008-10-23,116.318756,40.008031,
000,2008-10-23,116.318753,40.008055,
000,2008-10-23,116.318816,40.008237,
000,2008-10-23,116.318941,40.008306,
000,2008-10-23,116.318897,40.008283,
000,2008-10-23,116.318936,40.0083,
000,2008-10-23,116.319454,40.007645,
000,2008-10-23,116.319409,40.007582,
000,2008-10-23,116.319385,40.007581,
000,2008-10-23,116.319403,40.007612,
000,2008-10-23,116.319429,40.007694,
000,2008-10-23,116.319475,40.007778,
000,2008-10-23,116.319505,40.007876,
000,2008-10-23,116.319529,40.007974,
000,2008-10-23,116.319537,40.008096,
000,2008-10-23,116.319549,40.008196,
000,2008-10-23,116.319591,40.008292,
000,2008-10-23,116.319618,40.008369,
000,2008-10-23,116.319597,40.008421,
000,2008-10-23,116.319548,40.008452,
000,2008-10-23,116.319525,40.008503,
000,2008-10-23,116.31949,40.008544,
000,2008-10-23,116.319482,40.008601,
000,2008-10-23,116.319483,40.008617,
000,2008-10-23,116.319483,40.008617,
000,2008-10-23,116.319489,40.008625,
000,2008-10-23,116.319488,40.00864,
000,2008-10-23,116.319484,40.008645,
000,2008-10-23,116.319484,40.008645,
000,2008-10-23,116.319481,40.008649,
000,2008-10-23,116.319455,40.008669,
000,2008-10-23,116.318549,40.006747,
000,2008-10-23,116.318549,40.006747,
000,2008-10-23,116.318544,40.006755,
000,2008-10-23,116.318571,40.006742,
000,2008-10-23,116.31856,40.006744,
000,2008-10-23,116.318572,40.006745,
000,2008-10-23,116.318581,40.006745,
000,2008-10-23,116.318568,40.006739,
000,2008-10-23,116.318548,40.006722,
000,2008-10-23,116.318565,40.006719,
000,2008-10-23,116.318625,40.006724,
000,2008-10-23,116.318817,40.006745,
000,2008-10-23,116.318884,40.006715,
000,2008-10-23,116.318965,40.006721,
000,2008-10-23,116.319072,40.006753,
000,2008-10-23,116.319175,40.006785,
000,2008-10-23,116.319239,40.00681,
000,2008-10-23,116.319286,40.006849,
000,2008-10-23,116.319309,40.006811,
000,2008-10-23,116.319351,40.006789,
000,2008-10-23,116.319398,40.006791,
000,2008-10-23,116.319424,40.006828,
000,2008-10-23,116.319419,40.006872,
000,2008-10-23,116.319381,40.006893,
000,2008-10-23,116.319294,40.006975,
000,2008-10-23,116.319674,40.007457,
000,2008-10-23,116.319674,40.007457,
000,2008-10-23,116.319676,40.007458,
000,2008-10-23,116.319695,40.007479,
000,2008-10-23,116.319786,40.007572,
000,2008-10-23,116.319816,40.007582,
000,2008-10-23,116.319834,40.007621,
000,2008-10-23,116.31989,40.007629,
000,2008-10-23,116.319966,40.007634,
000,2008-10-23,116.32005,40.007646,
000,2008-10-23,116.320119,40.00766,
000,2008-10-23,116.320243,40.007686,
000,2008-10-23,116.320301,40.007748,
000,2008-10-23,116.320389,40.007802,
000,2008-10-23,116.320364,40.007819,
000,2008-10-23,116.320343,40.007853,
000,2008-10-23,116.320328,40.007912,
000,2008-10-23,116.320325,40.007978,
000,2008-10-23,116.320339,40.007999,
000,2008-10-23,116.320394,40.008036,
000,2008-10-23,116.320486,40.008125,
000,2008-10-23,116.320571,40.008172,
000,2008-10-23,116.320646,40.008182,
000,2008-10-23,116.320738,40.008226,
000,2008-10-23,116.32081,40.008236,
000,2008-10-23,116.320851,40.008306,
000,2008-10-23,116.320857,40.008373,
000,2008-10-23,116.320872,40.008418,
000,2008-10-23,116.320864,40.00846,
000,2008-10-23,116.320918,40.008507,
000,2008-10-23,116.320997,40.008535,
000,2008-10-23,116.321079,40.008565,
000,2008-10-23,116.321168,40.008619,
000,2008-10-23,116.321249,40.008663,
000,2008-10-23,116.321297,40.008684,
000,2008-10-23,116.321395,40.008724,
000,2008-10-23,116.321462,40.008776,
000,2008-10-23,116.321504,40.008804,
000,2008-10-23,116.321516,40.008839,
000,2008-10-23,116.321555,40.008879,
000,2008-10-23,116.321571,40.008891,
000,2008-10-23,116.321615,40.008873,
000,2008-10-23,116.321677,40.008858,
000,2008-10-23,116.321766,40.008864,
000,2008-10-23,116.321858,40.00887,
000,2008-10-23,116.321933,40.008864,
000,2008-10-23,116.322009,40.008862,
000,2008-10-23,116.322087,40.008855,
000,2008-10-23,116.322144,40.008873,
000,2008-10-23,116.322234,40.008874,
000,2008-10-23,116.322306,40.008869,
000,2008-10-23,116.322331,40.008835,
000,2008-10-23,116.322311,40.008814,
000,2008-10-23,116.3223,40.008813,
000,2008-10-23,116.3223,40.008813,
000,2008-10-23,116.322297,40.008821,
000,2008-10-23,116.322297,40.008833,
000,2008-10-23,116.322298,40.008842,
000,2008-10-23,116.323722,40.008761,
000,2008-10-23,116.32369,40.008765,
000,2008-10-23,116.323112,40.00865,
000,2008-10-23,116.322741,40.008786,
000,2008-10-23,116.322551,40.008889,
000,2008-10-23,116.322462,40.008962,
000,2008-10-23,116.322356,40.008988,
000,2008-10-23,116.322259,40.009068,
000,2008-10-23,116.322177,40.009107,
000,2008-10-23,116.322088,40.009086,
000,2008-10-23,116.321992,40.008929,
000,2008-10-23,116.32191,40.008849,
000,2008-10-23,116.32185,40.008799,
000,2008-10-23,116.321784,40.008827,
000,2008-10-23,116.321736,40.008862,
000,2008-10-23,116.321695,40.008898,
000,2008-10-23,116.321684,40.008901,
000,2008-10-23,116.321683,40.008905,
000,2008-10-23,116.321683,40.008905,
000,2008-10-23,116.321682,40.008905,
000,2008-10-23,116.321623,40.008934,
000,2008-10-23,116.321551,40.008945,
000,2008-10-23,116.321485,40.008851,
000,2008-10-23,116.321862,40.008607,
000,2008-10-23,116.322251,40.008652,
000,2008-10-23,116.321603,40.008897,
000,2008-10-23,116.32161,40.008928,
000,2008-10-23,116.321431,40.009013,
000,2008-10-23,116.321399,40.009027,
000,2008-10-23,116.321326,40.009064,
000,2008-10-23,116.321211,40.009172,
000,2008-10-23,116.32113,40.009204,
000,2008-10-23,116.32105,40.009243,
000,2008-10-23,116.320978,40.009269,
000,2008-10-23,116.320887,40.009328,
000,2008-10-24,116.319876,40.008304,
000,2008-10-24,116.319962,40.008413,
000,2008-10-24,116.319458,40.007171,
000,2008-10-24,116.319484,40.007209,
000,2008-10-24,116.31959,40.007287,
000,2008-10-24,116.319727,40.007366,
000,2008-10-24,116.319873,40.007429,
000,2008-10-24,116.320013,40.007499,
000,2008-10-24,116.320165,40.007514,
000,2008-10-24,116.320176,40.007578,
000,2008-10-24,116.320214,40.007694,
000,2008-10-24,116.320357,40.007739,
000,2008-10-24,116.320544,40.007834,
000,2008-10-24,116.320708,40.007907,
000,2008-10-24,116.320861,40.007941,
000,2008-10-24,116.320989,40.007989,
000,2008-10-24,116.321041,40.008131,
000,2008-10-24,116.321118,40.008316,
000,2008-10-24,116.321152,40.008486,
000,2008-10-24,116.321191,40.00861,
000,2008-10-24,116.321251,40.008716,
000,2008-10-24,116.321301,40.008816,
000,2008-10-24,116.321349,40.008875,
000,2008-10-24,116.321366,40.008912,
000,2008-10-24,116.321366,40.008912,
000,2008-10-24,116.321366,40.008915,
000,2008-10-24,116.321375,40.008921,
000,2008-10-24,116.321385,40.008931,
000,2008-10-24,116.321394,40.00894,
000,2008-10-24,116.321401,40.008948,
000,2008-10-24,116.321405,40.008951,
000,2008-10-24,116.321405,40.008951,
000,2008-10-24,116.321408,40.008951,
000,2008-10-24,116.321438,40.008946,
000,2008-10-24,116.321506,40.008954,
000,2008-10-24,116.321554,40.008943,
000,2008-10-24,116.32159,40.008924,
000,2008-10-24,116.321514,40.008968,
000,2008-10-24,116.321465,40.008999,
000,2008-10-24,116.321433,40.009019,
000,2008-10-24,116.321394,40.009052,
000,2008-10-24,116.321351,40.009085,
000,2008-10-24,116.321348,40.009086,
000,2008-10-24,116.321346,40.009086,
000,2008-10-24,116.321346,40.009089,
000,2008-10-24,116.321345,40.009089,
000,2008-10-24,116.321346,40.009089,
000,2008-10-24,116.321346,40.009088,
000,2008-10-24,116.321347,40.009087,
000,2008-10-24,116.321346,40.009088,
000,2008-10-24,116.321344,40.009089,
000,2008-10-24,116.321341,40.00909,
000,2008-10-24,116.321344,40.009088,
000,2008-10-24,116.321346,40.009086,
000,2008-10-24,116.321349,40.009084,
000,2008-10-24,116.321349,40.009084,
000,2008-10-24,116.321356,40.009077,
000,2008-10-24,116.321386,40.009055,
000,2008-10-24,116.32146,40.009001,
000,2008-10-24,116.321519,40.008971,
000,2008-10-24,116.321581,40.008923,
000,2008-10-24,116.321706,40.008859,
000,2008-10-24,116.321794,40.008809,
000,2008-10-24,116.321862,40.008779,
000,2008-10-24,116.321897,40.008755,
000,2008-10-24,116.321917,40.008755,
000,2008-10-24,116.321948,40.008739,
000,2008-10-24,116.321975,40.008727,
000,2008-10-24,116.321995,40.008708,
000,2008-10-24,116.322015,40.0087,
000,2008-10-24,116.322054,40.008951,
000,2008-10-24,116.322109,40.008965,
000,2008-10-24,116.322134,40.009025,
000,2008-10-24,116.322217,40.009199,
000,2008-10-24,116.322252,40.009279,
000,2008-10-24,116.322339,40.009314,
000,2008-10-24,116.322406,40.0093,
000,2008-10-24,116.322459,40.009231,
000,2008-10-24,116.322483,40.009094,
000,2008-10-24,116.322437,40.008968,
000,2008-10-24,116.322394,40.008905,
000,2008-10-24,116.322382,40.008845,
000,2008-10-24,116.322373,40.008764,
000,2008-10-24,116.322402,40.008735,
000,2008-10-24,116.322402,40.008735,
000,2008-10-24,116.3224,40.008727,
000,2008-10-24,116.322429,40.008697,
000,2008-10-24,116.322431,40.008694,
000,2008-10-24,116.322432,40.008694,
000,2008-10-24,116.322433,40.008697,
000,2008-10-24,116.322433,40.008697,
000,2008-10-24,116.322432,40.008695